node_id,latitude,longitude,land_use,runoff_coefficient,catchment_area_m2,pooling_area_m2
MH_VL_001,12.981,80.2106,Mixed_Urban,0.78,1501,57
MH_VL_002,12.9834,80.2269,Open_Space,0.25,3856,61
MH_VL_003,12.9658,80.2123,Commercial,0.85,3034,165
MH_VL_004,12.979,80.2279,Institutional,0.6,2116,72
MH_VL_005,12.9762,80.217,Residential,0.7,1326,63
MH_VL_006,12.9735,80.2139,Mixed_Urban,0.78,1209,41
MH_VL_007,12.9674,80.2312,Open_Space,0.25,4583,82
MH_VL_008,12.9832,80.2234,Industrial,0.9,3822,213
MH_VL_009,12.9857,80.2255,Mixed_Urban,0.78,2182,81
MH_VL_010,12.9667,80.2265,Mixed_Urban,0.78,1163,67
MH_VL_011,12.9867,80.2195,Industrial,0.9,4994,209
MH_VL_012,12.9739,80.2268,Institutional,0.6,2399,94
MH_VL_013,12.9802,80.2143,Institutional,0.6,1501,41
MH_VL_014,12.9745,80.2347,Institutional,0.6,2409,90
MH_VL_015,12.9821,80.2311,Residential,0.7,1469,74
MH_VL_016,12.9851,80.22,Residential,0.7,1432,76
MH_VL_017,12.9792,80.2279,Commercial,0.85,3342,170
MH_VL_018,12.9871,80.2261,Commercial,0.85,2542,98
MH_VL_019,12.9836,80.2235,Institutional,0.6,2197,75
MH_VL_020,12.9796,80.219,Commercial,0.85,3043,154
MH_VL_021,12.9839,80.2315,Commercial,0.85,3285,129
MH_VL_022,12.982,80.2249,Industrial,0.9,5063,290
MH_VL_023,12.9767,80.2163,Open_Space,0.25,3547,59
MH_VL_024,12.9679,80.2321,Mixed_Urban,0.78,2312,96
MH_VL_025,12.9723,80.214,Residential,0.7,2478,130
MH_VL_026,12.9716,80.2225,Commercial,0.85,3039,197
MH_VL_027,12.9868,80.2175,Institutional,0.6,2039,78
MH_VL_028,12.9688,80.2291,Open_Space,0.25,5672,108
MH_VL_029,12.98,80.2222,Residential,0.7,1743,91
MH_VL_030,12.9858,80.2177,Residential,0.7,1493,78
MH_VL_031,12.9887,80.2121,Industrial,0.9,3783,269
MH_VL_032,12.9783,80.2131,Institutional,0.6,1973,92
MH_VL_033,12.9691,80.2232,Open_Space,0.25,5233,102
MH_VL_034,12.9882,80.2289,Institutional,0.6,1411,58
MH_VL_035,12.975,80.2268,Mixed_Urban,0.78,1897,112
MH_VL_036,12.9763,80.2162,Residential,0.7,1692,48
MH_VL_037,12.9788,80.2247,Residential,0.7,1145,54
MH_VL_038,12.9665,80.2117,Residential,0.7,1676,50
MH_VL_039,12.971,80.2267,Commercial,0.85,3104,119
MH_VL_040,12.9884,80.2243,Industrial,0.9,4495,288
MH_VL_041,12.9852,80.2148,Residential,0.7,2349,94
MH_VL_042,12.9756,80.2217,Institutional,0.6,1110,44
MH_VL_043,12.9896,80.2125,Industrial,0.9,4889,316
MH_VL_044,12.9677,80.2148,Open_Space,0.25,5337,60
MH_VL_045,12.9696,80.2216,Residential,0.7,1907,96
MH_VL_046,12.9864,80.2124,Institutional,0.6,2107,92
MH_VL_047,12.9892,80.2332,Commercial,0.85,2340,111
MH_VL_048,12.977,80.2316,Residential,0.7,1337,51
MH_VL_049,12.9896,80.2166,Industrial,0.9,4668,239
MH_VL_050,12.9889,80.2349,Open_Space,0.25,5493,63
