from_node,to_node,length_m,diameter_m,mannings_n,blockage_factor
MH_VL_001,MH_VL_002,63.7,0.45,0.013,0.1
MH_VL_002,MH_VL_003,83.9,0.45,0.015,0.0
MH_VL_003,MH_VL_004,35.2,0.45,0.013,0.1
MH_VL_004,MH_VL_005,93.7,0.45,0.015,0.25
MH_VL_005,MH_VL_008,104.9,0.45,0.015,0.0
MH_VL_006,MH_VL_007,46.5,0.45,0.013,0.1
MH_VL_007,MH_VL_008,68.9,0.45,0.015,0.1
MH_VL_008,MH_VL_010,42.6,0.45,0.015,0.0
MH_VL_009,MH_VL_010,71.0,0.45,0.013,0.0
MH_VL_010,MH_VL_011,76.3,0.45,0.013,0.0
MH_VL_011,MH_VL_012,84.7,0.45,0.015,0.0
MH_VL_012,MH_VL_015,115.4,0.45,0.013,0.15
MH_VL_013,MH_VL_014,57.4,0.45,0.015,0.1
MH_VL_014,MH_VL_015,69.6,0.45,0.015,0.0
MH_VL_015,MH_VL_017,33.1,0.6,0.013,0.0
MH_VL_016,MH_VL_017,89.6,0.6,0.013,0.1
MH_VL_017,MH_VL_018,79.2,0.6,0.015,0.25
MH_VL_018,MH_VL_021,99.8,0.6,0.013,0.15
MH_VL_019,MH_VL_020,83.8,0.6,0.013,0.0
MH_VL_020,MH_VL_021,47.6,0.6,0.015,0.0
MH_VL_021,MH_VL_022,65.0,0.6,0.015,0.15
MH_VL_022,MH_VL_024,62.1,0.6,0.015,0.1
MH_VL_023,MH_VL_024,42.7,0.6,0.013,0.0
MH_VL_024,MH_VL_025,118.8,0.6,0.013,0.0
MH_VL_025,MH_VL_028,30.5,0.6,0.013,0.1
MH_VL_026,MH_VL_027,95.6,0.6,0.013,0.0
MH_VL_027,MH_VL_028,62.3,0.6,0.015,0.15
MH_VL_028,MH_VL_029,86.1,0.6,0.013,0.0
MH_VL_029,MH_VL_031,58.0,0.6,0.013,0.1
MH_VL_030,MH_VL_031,87.4,0.6,0.013,0.0
MH_VL_031,MH_VL_032,40.8,0.6,0.013,0.1
MH_VL_032,MH_VL_035,80.5,0.6,0.013,0.0
MH_VL_033,MH_VL_034,77.0,0.6,0.013,0.0
MH_VL_034,MH_VL_035,39.7,0.6,0.015,0.1
MH_VL_035,MH_VL_036,58.3,0.9,0.013,0.15
MH_VL_036,MH_VL_037,52.4,0.9,0.013,0.1
MH_VL_037,MH_VL_038,50.6,0.9,0.015,0.0
MH_VL_038,MH_VL_040,44.5,0.9,0.013,0.15
MH_VL_039,MH_VL_040,87.0,0.9,0.013,0.15
MH_VL_040,MH_VL_043,46.8,0.9,0.013,0.1
MH_VL_041,MH_VL_042,102.7,0.9,0.013,0.0
MH_VL_042,MH_VL_043,39.9,0.9,0.015,0.0
MH_VL_043,MH_VL_044,103.6,0.9,0.013,0.0
MH_VL_044,MH_VL_045,76.0,0.9,0.013,0.0
MH_VL_045,MH_VL_047,40.8,0.9,0.013,0.15
MH_VL_046,MH_VL_047,59.1,0.9,0.013,0.1
MH_VL_047,MH_VL_048,62.7,0.9,0.013,0.25
MH_VL_048,MH_VL_049,52.7,0.9,0.013,0.0
MH_VL_049,MH_VL_050,55.6,0.9,0.015,0.1
