node_id,latitude,longitude,land_use,runoff_coefficient,catchment_area_m2,pooling_area_m2,elevation_m,rainfall_intensity_mm_hr,Q_in
MH_VL_001,12.981,80.2106,Mixed_Urban,0.78,1501,57,7.027,0.23271711,7.568348334555825e-05
MH_VL_002,12.9834,80.2269,Open_Space,0.25,3856,61,5.263,5.8506985,0.0015666870350307888
MH_VL_003,12.9658,80.2123,Commercial,0.85,3034,165,7.337,0.0047531566,3.4049765182814247e-06
MH_VL_004,12.979,80.2279,Institutional,0.6,2116,72,5.146,9.081683,0.0032028069273630777
MH_VL_005,12.9762,80.217,Residential,0.7,1326,63,6.444,58.323963,0.015037861836115517
MH_VL_006,12.9735,80.2139,Mixed_Urban,0.78,1209,41,6.928,9.528921,0.0024961008893013004
MH_VL_007,12.9674,80.2312,Open_Space,0.25,4583,82,5.27,1.8556068e-05,5.9057262102315795e-09
MH_VL_008,12.9832,80.2234,Industrial,0.9,3822,213,5.572,1.1664487,0.0011145417446494104
MH_VL_009,12.9857,80.2255,Mixed_Urban,0.78,2182,81,5.332,0.32304633,0.00015272553502321243
MH_VL_010,12.9667,80.2265,Mixed_Urban,0.78,1163,67,5.806,0.004159346,1.0480859257280827e-06
MH_VL_011,12.9867,80.2195,Industrial,0.9,4994,209,5.963,0.05487255,6.850837876275182e-05
MH_VL_012,12.9739,80.2268,Institutional,0.6,2399,94,5.563,0.712045,0.00028469933139284455
MH_VL_013,12.9802,80.2143,Institutional,0.6,1501,41,6.689,7.188,0.0017981980505784353
MH_VL_014,12.9745,80.2347,Institutional,0.6,2409,90,4.695,0.00022099174,8.872818515374092e-08
MH_VL_015,12.9821,80.2311,Residential,0.7,1469,74,4.883,3.8051429,0.0010868967841598722
MH_VL_016,12.9851,80.22,Residential,0.7,1432,76,5.996,0.39132598,0.00010896254521608352
MH_VL_017,12.9792,80.2279,Commercial,0.85,3342,170,5.141,10.316585,0.008140644954601923
MH_VL_018,12.9871,80.2261,Commercial,0.85,2542,98,5.246,0.06651528,3.9922102604889207e-05
MH_VL_019,12.9836,80.2235,Institutional,0.6,2197,75,5.538,0.81982607,0.0003001929780145486
MH_VL_020,12.9796,80.219,Commercial,0.85,3043,154,6.22,33.32004,0.023939987151834697
MH_VL_021,12.9839,80.2315,Commercial,0.85,3285,129,4.793,0.9718253,0.0007537719995900988
MH_VL_022,12.982,80.2249,Industrial,0.9,5063,290,5.517,4.2204504,0.005342035095453263
MH_VL_023,12.9767,80.2163,Open_Space,0.25,3547,59,6.441,47.492836,0.011698408978250292
MH_VL_024,12.9679,80.2321,Mixed_Urban,0.78,2312,96,5.139,6.7311826e-06,3.371873720061558e-09
MH_VL_025,12.9723,80.214,Residential,0.7,2478,130,6.946,6.088176,0.002933486026922862
MH_VL_026,12.9716,80.2225,Commercial,0.85,3039,197,6.076,6.8260293,0.0048979604411323865
MH_VL_027,12.9868,80.2175,Institutional,0.6,2039,78,6.127,0.04608505,1.5661235637341936e-05
MH_VL_028,12.9688,80.2291,Open_Space,0.25,5672,108,5.477,0.0018716699,7.372299764150132e-07
MH_VL_029,12.98,80.2222,Residential,0.7,1743,91,5.889,12.241062,0.004148699985186259
MH_VL_030,12.9858,80.2177,Residential,0.7,1493,78,6.142,0.17392582,5.049163093335098e-05
MH_VL_031,12.9887,80.2121,Industrial,0.9,3783,269,6.752,0.00017794759,1.6829392950967303e-07
MH_VL_032,12.9783,80.2131,Institutional,0.6,1973,92,6.889,6.714318,0.0022078915027777353
MH_VL_033,12.9691,80.2232,Open_Space,0.25,5233,102,6.084,0.67853886,0.0002465829061509834
MH_VL_034,12.9882,80.2289,Institutional,0.6,1411,58,4.921,0.01241187,2.91885810966293e-06
MH_VL_035,12.975,80.2268,Mixed_Urban,0.78,1897,112,5.459,1.0030077,0.0004122528610984485
MH_VL_036,12.9763,80.2162,Residential,0.7,1692,48,6.384,46.84339,0.015411475776672361
MH_VL_037,12.9788,80.2247,Residential,0.7,1145,54,5.681,6.351366,0.001414061078760359
MH_VL_038,12.9665,80.2117,Residential,0.7,1676,50,7.308,0.0070238076,2.2889808594352667e-06
MH_VL_039,12.971,80.2267,Commercial,0.85,3104,119,5.683,0.18973929,0.0001390578151543935
MH_VL_040,12.9884,80.2243,Industrial,0.9,4495,288,5.41,0.0021242138,2.387085309892427e-06
MH_VL_041,12.9852,80.2148,Residential,0.7,2349,94,6.52,0.14481175,6.614276656508444e-05
MH_VL_042,12.9756,80.2217,Institutional,0.6,1110,44,6.059,38.23998,0.007074396076202393
MH_VL_043,12.9896,80.2125,Industrial,0.9,4889,316,6.612,5.7481204e-05,7.025640139272582e-08
MH_VL_044,12.9677,80.2148,Open_Space,0.25,5337,60,7.002,0.24062763,8.91826159413904e-05
MH_VL_045,12.9696,80.2216,Residential,0.7,1907,96,6.232,2.391969,0.0008869553811351458
MH_VL_046,12.9864,80.2124,Institutional,0.6,2107,92,6.729,0.0065016085,2.2831481948184468e-06
MH_VL_047,12.9892,80.2332,Commercial,0.85,2340,111,4.433,5.292945e-05,2.924352025729604e-08
MH_VL_048,12.977,80.2316,Residential,0.7,1337,51,4.975,0.36153543,9.398916913734542e-05
MH_VL_049,12.9896,80.2166,Industrial,0.9,4668,239,6.175,0.0005057049,5.901576164178551e-07
MH_VL_050,12.9889,80.2349,Open_Space,0.25,5493,63,4.24,7.5556563e-06,2.8821680742415386e-09
